Variable,Definition,Key
survived,Survival,"0 = No, 1 = Yes"
pclass,Ticket class,"1 = 1st, 2 = 2nd, 3 = 3rd"
sex,Gender
age,Age in years
sibsp,# of siblings / spouses aboard the Titanic,"Sibling = brother, sister Spouse = husband, wife"
parch,# of parents / children aboard the Titanic
fare,Passenger fare
cabin,Cabin number
embarked,Port of Embarkation,"C = Cherbourg, Q = Queenstown, S = Southampton"
class,Class of tickets,"First, Second, Third class"
who,Identity,"man, woman, child"
adult_male,Is male adult or not,"Ture, False
embark_town,The town of embarkation,"Cherbourg, Queenstown, Southampton"
alive,same as the survived,"no, yes"

,survived,pclass,sex,age,sibsp,parch,fare,embarked,class,who,adult_male,deck,embark_town,alive,alone,sipsp
0,,3,male,22.0,1,0,7.25,S,Third,man,True,,Southampton,no,False,-1.0
1,1.0,1,female,38.0,1,0,71.2833,C,First,woman,False,C,Cherbourg,yes,False,-1.0
2,1.0,3,female,26.0,0,0,7.925,S,Third,woman,False,,Southampton,yes,True,
3,1.0,1,female,35.0,1,0,53.1,S,First,woman,False,C,Southampton,yes,False,-1.0
4,,3,male,35.0,0,0,8.05,S,Third,man,True,,Southampton,no,True,
5,,3,male,,0,0,8.4583,Q,Third,man,True,,Queenstown,no,True,
6,,1,male,54.0,0,0,51.8625,S,First,man,True,E,Southampton,no,True,
7,,3,male,2.0,3,1,21.075,S,Third,child,False,,Southampton,no,False,
8,1.0,3,female,27.0,0,2,11.1333,S,Third,woman,False,,Southampton,yes,False,
9,1.0,2,female,14.0,1,0,30.0708,C,Second,child,False,,Cherbourg,yes,False,-1.0
10,1.0,3,female,4.0,1,1,16.7,S,Third,child,False,G,Southampton,yes,False,-1.0
11,1.0,1,female,58.0,0,0,26.55,S,First,woman,False,C,Southampton,yes,True,
12,,3,male,20.0,0,0,8.05,S,Third,man,True,,Southampton,no,True,
13,,3,male,39.0,1,5,31.275,S,Third,man,True,,Southampton,no,False,-1.0
14,,3,female,14.0,0,0,7.8542,S,Third,child,False,,Southampton,no,True,
15,1.0,2,female,55.0,0,0,16.0,S,Second,woman,False,,Southampton,yes,True,
16,,3,male,2.0,4,1,29.125,Q,Third,child,False,,Queenstown,no,False,
17,1.0,2,male,,0,0,13.0,S,Second,man,True,,Southampton,yes,True,
18,,3,female,31.0,1,0,18.0,S,Third,woman,False,,Southampton,no,False,-1.0
19,1.0,3,female,,0,0,7.225,C,Third,woman,False,,Cherbourg,yes,True,
20,,2,male,35.0,0,0,26.0,S,Second,man,True,,Southampton,no,True,
21,1.0,2,male,34.0,0,0,13.0,S,Second,man,True,D,Southampton,yes,True,
22,1.0,3,female,15.0,0,0,8.0292,Q,Third,child,False,,Queenstown,yes,True,
23,1.0,1,male,28.0,0,0,35.5,S,First,man,True,A,Southampton,yes,True,
24,,3,female,8.0,3,1,21.075,S,Third,child,False,,Southampton,no,False,
25,1.0,3,female,38.0,1,5,31.3875,S,Third,woman,False,,Southampton,yes,False,-1.0
26,,3,male,,0,0,7.225,C,Third,man,True,,Cherbourg,no,True,
27,,1,male,19.0,3,2,263.0,S,First,man,True,C,Southampton,no,False,
28,1.0,3,female,,0,0,7.8792,Q,Third,woman,False,,Queenstown,yes,True,
29,,3,male,,0,0,7.8958,S,Third,man,True,,Southampton,no,True,
30,,1,male,40.0,0,0,27.7208,C,First,man,True,,Cherbourg,no,True,
31,1.0,1,female,,1,0,146.5208,C,First,woman,False,B,Cherbourg,yes,False,-1.0
32,1.0,3,female,,0,0,7.75,Q,Third,woman,False,,Queenstown,yes,True,
33,,2,male,66.0,0,0,10.5,S,Second,man,True,,Southampton,no,True,
34,,1,male,28.0,1,0,82.1708,C,First,man,True,,Cherbourg,no,False,-1.0
35,,1,male,42.0,1,0,52.0,S,First,man,True,,Southampton,no,False,-1.0
36,1.0,3,male,,0,0,7.2292,C,Third,man,True,,Cherbourg,yes,True,
37,,3,male,21.0,0,0,8.05,S,Third,man,True,,Southampton,no,True,
38,,3,female,18.0,2,0,18.0,S,Third,woman,False,,Southampton,no,False,
39,1.0,3,female,14.0,1,0,11.2417,C,Third,child,False,,Cherbourg,yes,False,-1.0
40,,3,female,40.0,1,0,9.475,S,Third,woman,False,,Southampton,no,False,-1.0
41,,2,female,27.0,1,0,21.0,S,Second,woman,False,,Southampton,no,False,-1.0
42,,3,male,,0,0,7.8958,C,Third,man,True,,Cherbourg,no,True,
43,1.0,2,female,3.0,1,2,41.5792,C,Second,child,False,,Cherbourg,yes,False,-1.0
44,1.0,3,female,19.0,0,0,7.8792,Q,Third,woman,False,,Queenstown,yes,True,
45,,3,male,,0,0,8.05,S,Third,man,True,,Southampton,no,True,
46,,3,male,,1,0,15.5,Q,Third,man,True,,Queenstown,no,False,-1.0
47,1.0,3,female,,0,0,7.75,Q,Third,woman,False,,Queenstown,yes,True,
48,,3,male,,2,0,21.6792,C,Third,man,True,,Cherbourg,no,False,
49,,3,female,18.0,1,0,17.8,S,Third,woman,False,,Southampton,no,False,-1.0
50,,3,male,7.0,4,1,39.6875,S,Third,child,False,,Southampton,no,False,
51,,3,male,21.0,0,0,7.8,S,Third,man,True,,Southampton,no,True,
52,1.0,1,female,49.0,1,0,76.7292,C,First,woman,False,D,Cherbourg,yes,False,-1.0
53,1.0,2,female,29.0,1,0,26.0,S,Second,woman,False,,Southampton,yes,False,-1.0
54,,1,male,65.0,0,1,61.9792,C,First,man,True,B,Cherbourg,no,False,
55,1.0,1,male,,0,0,35.5,S,First,man,True,C,Southampton,yes,True,
56,1.0,2,female,21.0,0,0,10.5,S,Second,woman,False,,Southampton,yes,True,
57,,3,male,28.5,0,0,7.2292,C,Third,man,True,,Cherbourg,no,True,
58,1.0,2,female,5.0,1,2,27.75,S,Second,child,False,,Southampton,yes,False,-1.0
59,,3,male,11.0,5,2,46.9,S,Third,child,False,,Southampton,no,False,
60,,3,male,22.0,0,0,7.2292,C,Third,man,True,,Cherbourg,no,True,
61,1.0,1,female,38.0,0,0,80.0,,First,woman,False,B,,yes,True,
62,,1,male,45.0,1,0,83.475,S,First,man,True,C,Southampton,no,False,-1.0
63,,3,male,4.0,3,2,27.9,S,Third,child,False,,Southampton,no,False,
64,,1,male,,0,0,27.7208,C,First,man,True,,Cherbourg,no,True,
65,1.0,3,male,,1,1,15.2458,C,Third,man,True,,Cherbourg,yes,False,-1.0
66,1.0,2,female,29.0,0,0,10.5,S,Second,woman,False,F,Southampton,yes,True,
67,,3,male,19.0,0,0,8.1583,S,Third,man,True,,Southampton,no,True,
68,1.0,3,female,17.0,4,2,7.925,S,Third,woman,False,,Southampton,yes,False,
69,,3,male,26.0,2,0,8.6625,S,Third,man,True,,Southampton,no,False,
70,,2,male,32.0,0,0,10.5,S,Second,man,True,,Southampton,no,True,
71,,3,female,16.0,5,2,46.9,S,Third,woman,False,,Southampton,no,False,
72,,2,male,21.0,0,0,73.5,S,Second,man,True,,Southampton,no,True,
73,,3,male,26.0,1,0,14.4542,C,Third,man,True,,Cherbourg,no,False,-1.0
74,1.0,3,male,32.0,0,0,56.4958,S,Third,man,True,,Southampton,yes,True,
75,,3,male,25.0,0,0,7.65,S,Third,man,True,F,Southampton,no,True,
76,,3,male,,0,0,7.8958,S,Third,man,True,,Southampton,no,True,
77,,3,male,,0,0,8.05,S,Third,man,True,,Southampton,no,True,
78,1.0,2,male,0.83,0,2,29.0,S,Second,child,False,,Southampton,yes,False,
79,1.0,3,female,30.0,0,0,12.475,S,Third,woman,False,,Southampton,yes,True,
80,,3,male,22.0,0,0,9.0,S,Third,man,True,,Southampton,no,True,
81,1.0,3,male,29.0,0,0,9.5,S,Third,man,True,,Southampton,yes,True,
82,1.0,3,female,,0,0,7.7875,Q,Third,woman,False,,Queenstown,yes,True,
83,,1,male,28.0,0,0,47.1,S,First,man,True,,Southampton,no,True,
84,1.0,2,female,17.0,0,0,10.5,S,Second,woman,False,,Southampton,yes,True,
85,1.0,3,female,33.0,3,0,15.85,S,Third,woman,False,,Southampton,yes,False,
86,,3,male,16.0,1,3,34.375,S,Third,man,True,,Southampton,no,False,-1.0
87,,3,male,,0,0,8.05,S,Third,man,True,,Southampton,no,True,
88,1.0,1,female,23.0,3,2,263.0,S,First,woman,False,C,Southampton,yes,False,
89,,3,male,24.0,0,0,8.05,S,Third,man,True,,Southampton,no,True,
90,,3,male,29.0,0,0,8.05,S,Third,man,True,,Southampton,no,True,
91,,3,male,20.0,0,0,7.8542,S,Third,man,True,,Southampton,no,True,
92,,1,male,46.0,1,0,61.175,S,First,man,True,E,Southampton,no,False,-1.0
93,,3,male,26.0,1,2,20.575,S,Third,man,True,,Southampton,no,False,-1.0
94,,3,male,59.0,0,0,7.25,S,Third,man,True,,Southampton,no,True,
95,,3,male,,0,0,8.05,S,Third,man,True,,Southampton,no,True,
96,,1,male,71.0,0,0,34.6542,C,First,man,True,A,Cherbourg,no,True,
97,1.0,1,male,23.0,0,1,63.3583,C,First,man,True,D,Cherbourg,yes,False,
98,1.0,2,female,34.0,0,1,23.0,S,Second,woman,False,,Southampton,yes,False,
99,,2,male,34.0,1,0,26.0,S,Second,man,True,,Southampton,no,False,-1.0
100,,3,female,28.0,0,0,7.8958,S,Third,woman,False,,Southampton,no,True,
101,,3,male,,0,0,7.8958,S,Third,man,True,,Southampton,no,True,
102,,1,male,21.0,0,1,77.2875,S,First,man,True,D,Southampton,no,False,
103,,3,male,33.0,0,0,8.6542,S,Third,man,True,,Southampton,no,True,
104,,3,male,37.0,2,0,7.925,S,Third,man,True,,Southampton,no,False,
105,,3,male,28.0,0,0,7.8958,S,Third,man,True,,Southampton,no,True,
106,1.0,3,female,21.0,0,0,7.65,S,Third,woman,False,,Southampton,yes,True,
107,1.0,3,male,,0,0,7.775,S,Third,man,True,,Southampton,yes,True,
108,,3,male,38.0,0,0,7.8958,S,Third,man,True,,Southampton,no,True,
109,1.0,3,female,,1,0,24.15,Q,Third,woman,False,,Queenstown,yes,False,-1.0
110,,1,male,47.0,0,0,52.0,S,First,man,True,C,Southampton,no,True,
111,,3,female,14.5,1,0,14.4542,C,Third,child,False,,Cherbourg,no,False,-1.0
112,,3,male,22.0,0,0,8.05,S,Third,man,True,,Southampton,no,True,
113,,3,female,20.0,1,0,9.825,S,Third,woman,False,,Southampton,no,False,-1.0
114,,3,female,17.0,0,0,14.4583,C,Third,woman,False,,Cherbourg,no,True,
115,,3,male,21.0,0,0,7.925,S,Third,man,True,,Southampton,no,True,
116,,3,male,70.5,0,0,7.75,Q,Third,man,True,,Queenstown,no,True,
117,,2,male,29.0,1,0,21.0,S,Second,man,True,,Southampton,no,False,-1.0
118,,1,male,24.0,0,1,247.5208,C,First,man,True,B,Cherbourg,no,False,
119,,3,female,2.0,4,2,31.275,S,Third,child,False,,Southampton,no,False,
120,,2,male,21.0,2,0,73.5,S,Second,man,True,,Southampton,no,False,
121,,3,male,,0,0,8.05,S,Third,man,True,,Southampton,no,True,
122,,2,male,32.5,1,0,30.0708,C,Second,man,True,,Cherbourg,no,False,-1.0
123,1.0,2,female,32.5,0,0,13.0,S,Second,woman,False,E,Southampton,yes,True,
124,,1,male,54.0,0,1,77.2875,S,First,man,True,D,Southampton,no,False,
125,1.0,3,male,12.0,1,0,11.2417,C,Third,child,False,,Cherbourg,yes,False,-1.0
126,,3,male,,0,0,7.75,Q,Third,man,True,,Queenstown,no,True,
127,1.0,3,male,24.0,0,0,7.1417,S,Third,man,True,,Southampton,yes,True,
128,1.0,3,female,,1,1,22.3583,C,Third,woman,False,F,Cherbourg,yes,False,-1.0
129,,3,male,45.0,0,0,6.975,S,Third,man,True,,Southampton,no,True,
130,,3,male,33.0,0,0,7.8958,C,Third,man,True,,Cherbourg,no,True,
131,,3,male,20.0,0,0,7.05,S,Third,man,True,,Southampton,no,True,
132,,3,female,47.0,1,0,14.5,S,Third,woman,False,,Southampton,no,False,-1.0
133,1.0,2,female,29.0,1,0,26.0,S,Second,woman,False,,Southampton,yes,False,-1.0
134,,2,male,25.0,0,0,13.0,S,Second,man,True,,Southampton,no,True,
135,,2,male,23.0,0,0,15.0458,C,Second,man,True,,Cherbourg,no,True,
136,1.0,1,female,19.0,0,2,26.2833,S,First,woman,False,D,Southampton,yes,False,
137,,1,male,37.0,1,0,53.1,S,First,man,True,C,Southampton,no,False,-1.0
138,,3,male,16.0,0,0,9.2167,S,Third,man,True,,Southampton,no,True,
139,,1,male,24.0,0,0,79.2,C,First,man,True,B,Cherbourg,no,True,
140,,3,female,,0,2,15.2458,C,Third,woman,False,,Cherbourg,no,False,
141,1.0,3,female,22.0,0,0,7.75,S,Third,woman,False,,Southampton,yes,True,
142,1.0,3,female,24.0,1,0,15.85,S,Third,woman,False,,Southampton,yes,False,-1.0
143,,3,male,19.0,0,0,6.75,Q,Third,man,True,,Queenstown,no,True,
144,,2,male,18.0,0,0,11.5,S,Second,man,True,,Southampton,no,True,
145,,2,male,19.0,1,1,36.75,S,Second,man,True,,Southampton,no,False,-1.0
146,1.0,3,male,27.0,0,0,7.7958,S,Third,man,True,,Southampton,yes,True,
147,,3,female,9.0,2,2,34.375,S,Third,child,False,,Southampton,no,False,
148,,2,male,36.5,0,2,26.0,S,Second,man,True,F,Southampton,no,False,
149,,2,male,42.0,0,0,13.0,S,Second,man,True,,Southampton,no,True,
150,,2,male,51.0,0,0,12.525,S,Second,man,True,,Southampton,no,True,
151,1.0,1,female,22.0,1,0,66.6,S,First,woman,False,C,Southampton,yes,False,-1.0
152,,3,male,55.5,0,0,8.05,S,Third,man,True,,Southampton,no,True,
153,,3,male,40.5,0,2,14.5,S,Third,man,True,,Southampton,no,False,
154,,3,male,,0,0,7.3125,S,Third,man,True,,Southampton,no,True,
155,,1,male,51.0,0,1,61.3792,C,First,man,True,,Cherbourg,no,False,
156,1.0,3,female,16.0,0,0,7.7333,Q,Third,woman,False,,Queenstown,yes,True,
157,,3,male,30.0,0,0,8.05,S,Third,man,True,,Southampton,no,True,
158,,3,male,,0,0,8.6625,S,Third,man,True,,Southampton,no,True,
159,,3,male,,8,2,69.55,S,Third,man,True,,Southampton,no,False,
160,,3,male,44.0,0,1,16.1,S,Third,man,True,,Southampton,no,False,
161,1.0,2,female,40.0,0,0,15.75,S,Second,woman,False,,Southampton,yes,True,
162,,3,male,26.0,0,0,7.775,S,Third,man,True,,Southampton,no,True,
163,,3,male,17.0,0,0,8.6625,S,Third,man,True,,Southampton,no,True,
164,,3,male,1.0,4,1,39.6875,S,Third,child,False,,Southampton,no,False,
165,1.0,3,male,9.0,0,2,20.525,S,Third,child,False,,Southampton,yes,False,
166,1.0,1,female,,0,1,55.0,S,First,woman,False,E,Southampton,yes,False,
167,,3,female,45.0,1,4,27.9,S,Third,woman,False,,Southampton,no,False,-1.0
168,,1,male,,0,0,25.925,S,First,man,True,,Southampton,no,True,
169,,3,male,28.0,0,0,56.4958,S,Third,man,True,,Southampton,no,True,
170,,1,male,61.0,0,0,33.5,S,First,man,True,B,Southampton,no,True,
171,,3,male,4.0,4,1,29.125,Q,Third,child,False,,Queenstown,no,False,
172,1.0,3,female,1.0,1,1,11.1333,S,Third,child,False,,Southampton,yes,False,-1.0
173,,3,male,21.0,0,0,7.925,S,Third,man,True,,Southampton,no,True,
174,,1,male,56.0,0,0,30.6958,C,First,man,True,A,Cherbourg,no,True,
175,,3,male,18.0,1,1,7.8542,S,Third,man,True,,Southampton,no,False,-1.0
176,,3,male,,3,1,25.4667,S,Third,man,True,,Southampton,no,False,
177,,1,female,50.0,0,0,28.7125,C,First,woman,False,C,Cherbourg,no,True,
178,,2,male,30.0,0,0,13.0,S,Second,man,True,,Southampton,no,True,
179,,3,male,36.0,0,0,0.0,S,Third,man,True,,Southampton,no,True,
180,,3,female,,8,2,69.55,S,Third,woman,False,,Southampton,no,False,
181,,2,male,,0,0,15.05,C,Second,man,True,,Cherbourg,no,True,
182,,3,male,9.0,4,2,31.3875,S,Third,child,False,,Southampton,no,False,
183,1.0,2,male,1.0,2,1,39.0,S,Second,child,False,F,Southampton,yes,False,
184,1.0,3,female,4.0,0,2,22.025,S,Third,child,False,,Southampton,yes,False,
185,,1,male,,0,0,50.0,S,First,man,True,A,Southampton,no,True,
186,1.0,3,female,,1,0,15.5,Q,Third,woman,False,,Queenstown,yes,False,-1.0
187,1.0,1,male,45.0,0,0,26.55,S,First,man,True,,Southampton,yes,True,
188,,3,male,40.0,1,1,15.5,Q,Third,man,True,,Queenstown,no,False,-1.0
189,,3,male,36.0,0,0,7.8958,S,Third,man,True,,Southampton,no,True,
190,1.0,2,female,32.0,0,0,13.0,S,Second,woman,False,,Southampton,yes,True,
191,,2,male,19.0,0,0,13.0,S,Second,man,True,,Southampton,no,True,
192,1.0,3,female,19.0,1,0,7.8542,S,Third,woman,False,,Southampton,yes,False,-1.0
193,1.0,2,male,3.0,1,1,26.0,S,Second,child,False,F,Southampton,yes,False,-1.0
194,1.0,1,female,44.0,0,0,27.7208,C,First,woman,False,B,Cherbourg,yes,True,
195,1.0,1,female,58.0,0,0,146.5208,C,First,woman,False,B,Cherbourg,yes,True,
196,,3,male,,0,0,7.75,Q,Third,man,True,,Queenstown,no,True,
197,,3,male,42.0,0,1,8.4042,S,Third,man,True,,Southampton,no,False,
198,1.0,3,female,,0,0,7.75,Q,Third,woman,False,,Queenstown,yes,True,
199,,2,female,24.0,0,0,13.0,S,Second,woman,False,,Southampton,no,True,
200,,3,male,28.0,0,0,9.5,S,Third,man,True,,Southampton,no,True,
201,,3,male,,8,2,69.55,S,Third,man,True,,Southampton,no,False,
202,,3,male,34.0,0,0,6.4958,S,Third,man,True,,Southampton,no,True,
203,,3,male,45.5,0,0,7.225,C,Third,man,True,,Cherbourg,no,True,
204,1.0,3,male,18.0,0,0,8.05,S,Third,man,True,,Southampton,yes,True,
205,,3,female,2.0,0,1,10.4625,S,Third,child,False,G,Southampton,no,False,
206,,3,male,32.0,1,0,15.85,S,Third,man,True,,Southampton,no,False,-1.0
207,1.0,3,male,26.0,0,0,18.7875,C,Third,man,True,,Cherbourg,yes,True,
208,1.0,3,female,16.0,0,0,7.75,Q,Third,woman,False,,Queenstown,yes,True,
209,1.0,1,male,40.0,0,0,31.0,C,First,man,True,A,Cherbourg,yes,True,
210,,3,male,24.0,0,0,7.05,S,Third,man,True,,Southampton,no,True,
211,1.0,2,female,35.0,0,0,21.0,S,Second,woman,False,,Southampton,yes,True,
212,,3,male,22.0,0,0,7.25,S,Third,man,True,,Southampton,no,True,
213,,2,male,30.0,0,0,13.0,S,Second,man,True,,Southampton,no,True,
214,,3,male,,1,0,7.75,Q,Third,man,True,,Queenstown,no,False,-1.0
215,1.0,1,female,31.0,1,0,113.275,C,First,woman,False,D,Cherbourg,yes,False,-1.0
216,1.0,3,female,27.0,0,0,7.925,S,Third,woman,False,,Southampton,yes,True,
217,,2,male,42.0,1,0,27.0,S,Second,man,True,,Southampton,no,False,-1.0
218,1.0,1,female,32.0,0,0,76.2917,C,First,woman,False,D,Cherbourg,yes,True,
219,,2,male,30.0,0,0,10.5,S,Second,man,True,,Southampton,no,True,
220,1.0,3,male,16.0,0,0,8.05,S,Third,man,True,,Southampton,yes,True,
221,,2,male,27.0,0,0,13.0,S,Second,man,True,,Southampton,no,True,
222,,3,male,51.0,0,0,8.05,S,Third,man,True,,Southampton,no,True,
223,,3,male,,0,0,7.8958,S,Third,man,True,,Southampton,no,True,
224,1.0,1,male,38.0,1,0,90.0,S,First,man,True,C,Southampton,yes,False,-1.0
225,,3,male,22.0,0,0,9.35,S,Third,man,True,,Southampton,no,True,
226,1.0,2,male,19.0,0,0,10.5,S,Second,man,True,,Southampton,yes,True,
227,,3,male,20.5,0,0,7.25,S,Third,man,True,,Southampton,no,True,
228,,2,male,18.0,0,0,13.0,S,Second,man,True,,Southampton,no,True,
229,,3,female,,3,1,25.4667,S,Third,woman,False,,Southampton,no,False,
230,1.0,1,female,35.0,1,0,83.475,S,First,woman,False,C,Southampton,yes,False,-1.0
231,,3,male,29.0,0,0,7.775,S,Third,man,True,,Southampton,no,True,
232,,2,male,59.0,0,0,13.5,S,Second,man,True,,Southampton,no,True,
233,1.0,3,female,5.0,4,2,31.3875,S,Third,child,False,,Southampton,yes,False,
234,,2,male,24.0,0,0,10.5,S,Second,man,True,,Southampton,no,True,
235,,3,female,,0,0,7.55,S,Third,woman,False,,Southampton,no,True,
236,,2,male,44.0,1,0,26.0,S,Second,man,True,,Southampton,no,False,-1.0
237,1.0,2,female,8.0,0,2,26.25,S,Second,child,False,,Southampton,yes,False,
238,,2,male,19.0,0,0,10.5,S,Second,man,True,,Southampton,no,True,
239,,2,male,33.0,0,0,12.275,S,Second,man,True,,Southampton,no,True,
240,,3,female,,1,0,14.4542,C,Third,woman,False,,Cherbourg,no,False,-1.0
241,1.0,3,female,,1,0,15.5,Q,Third,woman,False,,Queenstown,yes,False,-1.0
242,,2,male,29.0,0,0,10.5,S,Second,man,True,,Southampton,no,True,
243,,3,male,22.0,0,0,7.125,S,Third,man,True,,Southampton,no,True,
244,,3,male,30.0,0,0,7.225,C,Third,man,True,,Cherbourg,no,True,
245,,1,male,44.0,2,0,90.0,Q,First,man,True,C,Queenstown,no,False,
246,,3,female,25.0,0,0,7.775,S,Third,woman,False,,Southampton,no,True,
247,1.0,2,female,24.0,0,2,14.5,S,Second,woman,False,,Southampton,yes,False,
248,1.0,1,male,37.0,1,1,52.5542,S,First,man,True,D,Southampton,yes,False,-1.0
249,,2,male,54.0,1,0,26.0,S,Second,man,True,,Southampton,no,False,-1.0
250,,3,male,,0,0,7.25,S,Third,man,True,,Southampton,no,True,
251,,3,female,29.0,1,1,10.4625,S,Third,woman,False,G,Southampton,no,False,-1.0
252,,1,male,62.0,0,0,26.55,S,First,man,True,C,Southampton,no,True,
253,,3,male,30.0,1,0,16.1,S,Third,man,True,,Southampton,no,False,-1.0
254,,3,female,41.0,0,2,20.2125,S,Third,woman,False,,Southampton,no,False,
255,1.0,3,female,29.0,0,2,15.2458,C,Third,woman,False,,Cherbourg,yes,False,
256,1.0,1,female,,0,0,79.2,C,First,woman,False,,Cherbourg,yes,True,
257,1.0,1,female,30.0,0,0,86.5,S,First,woman,False,B,Southampton,yes,True,
258,1.0,1,female,35.0,0,0,512.3292,C,First,woman,False,,Cherbourg,yes,True,
259,1.0,2,female,50.0,0,1,26.0,S,Second,woman,False,,Southampton,yes,False,
260,,3,male,,0,0,7.75,Q,Third,man,True,,Queenstown,no,True,
261,1.0,3,male,3.0,4,2,31.3875,S,Third,child,False,,Southampton,yes,False,
262,,1,male,52.0,1,1,79.65,S,First,man,True,E,Southampton,no,False,-1.0
263,,1,male,40.0,0,0,0.0,S,First,man,True,B,Southampton,no,True,
264,,3,female,,0,0,7.75,Q,Third,woman,False,,Queenstown,no,True,
265,,2,male,36.0,0,0,10.5,S,Second,man,True,,Southampton,no,True,
266,,3,male,16.0,4,1,39.6875,S,Third,man,True,,Southampton,no,False,
267,1.0,3,male,25.0,1,0,7.775,S,Third,man,True,,Southampton,yes,False,-1.0
268,1.0,1,female,58.0,0,1,153.4625,S,First,woman,False,C,Southampton,yes,False,
269,1.0,1,female,35.0,0,0,135.6333,S,First,woman,False,C,Southampton,yes,True,
270,,1,male,,0,0,31.0,S,First,man,True,,Southampton,no,True,
271,1.0,3,male,25.0,0,0,0.0,S,Third,man,True,,Southampton,yes,True,
272,1.0,2,female,41.0,0,1,19.5,S,Second,woman,False,,Southampton,yes,False,
273,,1,male,37.0,0,1,29.7,C,First,man,True,C,Cherbourg,no,False,
274,1.0,3,female,,0,0,7.75,Q,Third,woman,False,,Queenstown,yes,True,
275,1.0,1,female,63.0,1,0,77.9583,S,First,woman,False,D,Southampton,yes,False,-1.0
276,,3,female,45.0,0,0,7.75,S,Third,woman,False,,Southampton,no,True,
277,,2,male,,0,0,0.0,S,Second,man,True,,Southampton,no,True,
278,,3,male,7.0,4,1,29.125,Q,Third,child,False,,Queenstown,no,False,
279,1.0,3,female,35.0,1,1,20.25,S,Third,woman,False,,Southampton,yes,False,-1.0
280,,3,male,65.0,0,0,7.75,Q,Third,man,True,,Queenstown,no,True,
281,,3,male,28.0,0,0,7.8542,S,Third,man,True,,Southampton,no,True,
282,,3,male,16.0,0,0,9.5,S,Third,man,True,,Southampton,no,True,
283,1.0,3,male,19.0,0,0,8.05,S,Third,man,True,,Southampton,yes,True,
284,,1,male,,0,0,26.0,S,First,man,True,A,Southampton,no,True,
285,,3,male,33.0,0,0,8.6625,C,Third,man,True,,Cherbourg,no,True,
286,1.0,3,male,30.0,0,0,9.5,S,Third,man,True,,Southampton,yes,True,
287,,3,male,22.0,0,0,7.8958,S,Third,man,True,,Southampton,no,True,
288,1.0,2,male,42.0,0,0,13.0,S,Second,man,True,,Southampton,yes,True,
289,1.0,3,female,22.0,0,0,7.75,Q,Third,woman,False,,Queenstown,yes,True,
290,1.0,1,female,26.0,0,0,78.85,S,First,woman,False,,Southampton,yes,True,
291,1.0,1,female,19.0,1,0,91.0792,C,First,woman,False,B,Cherbourg,yes,False,-1.0
292,,2,male,36.0,0,0,12.875,C,Second,man,True,D,Cherbourg,no,True,
293,,3,female,24.0,0,0,8.85,S,Third,woman,False,,Southampton,no,True,
294,,3,male,24.0,0,0,7.8958,S,Third,man,True,,Southampton,no,True,
295,,1,male,,0,0,27.7208,C,First,man,True,,Cherbourg,no,True,
296,,3,male,23.5,0,0,7.2292,C,Third,man,True,,Cherbourg,no,True,
297,,1,female,2.0,1,2,151.55,S,First,child,False,C,Southampton,no,False,-1.0
298,1.0,1,male,,0,0,30.5,S,First,man,True,C,Southampton,yes,True,
299,1.0,1,female,50.0,0,1,247.5208,C,First,woman,False,B,Cherbourg,yes,False,
300,1.0,3,female,,0,0,7.75,Q,Third,woman,False,,Queenstown,yes,True,
301,1.0,3,male,,2,0,23.25,Q,Third,man,True,,Queenstown,yes,False,
302,,3,male,19.0,0,0,0.0,S,Third,man,True,,Southampton,no,True,
303,1.0,2,female,,0,0,12.35,Q,Second,woman,False,E,Queenstown,yes,True,
304,,3,male,,0,0,8.05,S,Third,man,True,,Southampton,no,True,
305,1.0,1,male,0.92,1,2,151.55,S,First,child,False,C,Southampton,yes,False,-1.0
306,1.0,1,female,,0,0,110.8833,C,First,woman,False,,Cherbourg,yes,True,
307,1.0,1,female,17.0,1,0,108.9,C,First,woman,False,C,Cherbourg,yes,False,-1.0
308,,2,male,30.0,1,0,24.0,C,Second,man,True,,Cherbourg,no,False,-1.0
309,1.0,1,female,30.0,0,0,56.9292,C,First,woman,False,E,Cherbourg,yes,True,
310,1.0,1,female,24.0,0,0,83.1583,C,First,woman,False,C,Cherbourg,yes,True,
311,1.0,1,female,18.0,2,2,262.375,C,First,woman,False,B,Cherbourg,yes,False,
312,,2,female,26.0,1,1,26.0,S,Second,woman,False,,Southampton,no,False,-1.0
313,,3,male,28.0,0,0,7.8958,S,Third,man,True,,Southampton,no,True,
314,,2,male,43.0,1,1,26.25,S,Second,man,True,,Southampton,no,False,-1.0
315,1.0,3,female,26.0,0,0,7.8542,S,Third,woman,False,,Southampton,yes,True,
316,1.0,2,female,24.0,1,0,26.0,S,Second,woman,False,,Southampton,yes,False,-1.0
317,,2,male,54.0,0,0,14.0,S,Second,man,True,,Southampton,no,True,
318,1.0,1,female,31.0,0,2,164.8667,S,First,woman,False,C,Southampton,yes,False,
319,1.0,1,female,40.0,1,1,134.5,C,First,woman,False,E,Cherbourg,yes,False,-1.0
320,,3,male,22.0,0,0,7.25,S,Third,man,True,,Southampton,no,True,
321,,3,male,27.0,0,0,7.8958,S,Third,man,True,,Southampton,no,True,
322,1.0,2,female,30.0,0,0,12.35,Q,Second,woman,False,,Queenstown,yes,True,
323,1.0,2,female,22.0,1,1,29.0,S,Second,woman,False,,Southampton,yes,False,-1.0
324,,3,male,,8,2,69.55,S,Third,man,True,,Southampton,no,False,
325,1.0,1,female,36.0,0,0,135.6333,C,First,woman,False,C,Cherbourg,yes,True,
326,,3,male,61.0,0,0,6.2375,S,Third,man,True,,Southampton,no,True,
327,1.0,2,female,36.0,0,0,13.0,S,Second,woman,False,D,Southampton,yes,True,
328,1.0,3,female,31.0,1,1,20.525,S,Third,woman,False,,Southampton,yes,False,-1.0
329,1.0,1,female,16.0,0,1,57.9792,C,First,woman,False,B,Cherbourg,yes,False,
330,1.0,3,female,,2,0,23.25,Q,Third,woman,False,,Queenstown,yes,False,
331,,1,male,45.5,0,0,28.5,S,First,man,True,C,Southampton,no,True,
332,,1,male,38.0,0,1,153.4625,S,First,man,True,C,Southampton,no,False,
333,,3,male,16.0,2,0,18.0,S,Third,man,True,,Southampton,no,False,
334,1.0,1,female,,1,0,133.65,S,First,woman,False,,Southampton,yes,False,-1.0
335,,3,male,,0,0,7.8958,S,Third,man,True,,Southampton,no,True,
336,,1,male,29.0,1,0,66.6,S,First,man,True,C,Southampton,no,False,-1.0
337,1.0,1,female,41.0,0,0,134.5,C,First,woman,False,E,Cherbourg,yes,True,
338,1.0,3,male,45.0,0,0,8.05,S,Third,man,True,,Southampton,yes,True,
339,,1,male,45.0,0,0,35.5,S,First,man,True,,Southampton,no,True,
340,1.0,2,male,2.0,1,1,26.0,S,Second,child,False,F,Southampton,yes,False,-1.0
341,1.0,1,female,24.0,3,2,263.0,S,First,woman,False,C,Southampton,yes,False,
342,,2,male,28.0,0,0,13.0,S,Second,man,True,,Southampton,no,True,
343,,2,male,25.0,0,0,13.0,S,Second,man,True,,Southampton,no,True,
344,,2,male,36.0,0,0,13.0,S,Second,man,True,,Southampton,no,True,
345,1.0,2,female,24.0,0,0,13.0,S,Second,woman,False,F,Southampton,yes,True,
346,1.0,2,female,40.0,0,0,13.0,S,Second,woman,False,,Southampton,yes,True,
347,1.0,3,female,,1,0,16.1,S,Third,woman,False,,Southampton,yes,False,-1.0
348,1.0,3,male,3.0,1,1,15.9,S,Third,child,False,,Southampton,yes,False,-1.0
349,,3,male,42.0,0,0,8.6625,S,Third,man,True,,Southampton,no,True,
350,,3,male,23.0,0,0,9.225,S,Third,man,True,,Southampton,no,True,
351,,1,male,,0,0,35.0,S,First,man,True,C,Southampton,no,True,
352,,3,male,15.0,1,1,7.2292,C,Third,child,False,,Cherbourg,no,False,-1.0
353,,3,male,25.0,1,0,17.8,S,Third,man,True,,Southampton,no,False,-1.0
354,,3,male,,0,0,7.225,C,Third,man,True,,Cherbourg,no,True,
355,,3,male,28.0,0,0,9.5,S,Third,man,True,,Southampton,no,True,
356,1.0,1,female,22.0,0,1,55.0,S,First,woman,False,E,Southampton,yes,False,
357,,2,female,38.0,0,0,13.0,S,Second,woman,False,,Southampton,no,True,
358,1.0,3,female,,0,0,7.8792,Q,Third,woman,False,,Queenstown,yes,True,
359,1.0,3,female,,0,0,7.8792,Q,Third,woman,False,,Queenstown,yes,True,
360,,3,male,40.0,1,4,27.9,S,Third,man,True,,Southampton,no,False,-1.0
361,,2,male,29.0,1,0,27.7208,C,Second,man,True,,Cherbourg,no,False,-1.0
362,,3,female,45.0,0,1,14.4542,C,Third,woman,False,,Cherbourg,no,False,
363,,3,male,35.0,0,0,7.05,S,Third,man,True,,Southampton,no,True,
364,,3,male,,1,0,15.5,Q,Third,man,True,,Queenstown,no,False,-1.0
365,,3,male,30.0,0,0,7.25,S,Third,man,True,,Southampton,no,True,
366,1.0,1,female,60.0,1,0,75.25,C,First,woman,False,D,Cherbourg,yes,False,-1.0
367,1.0,3,female,,0,0,7.2292,C,Third,woman,False,,Cherbourg,yes,True,
368,1.0,3,female,,0,0,7.75,Q,Third,woman,False,,Queenstown,yes,True,
369,1.0,1,female,24.0,0,0,69.3,C,First,woman,False,B,Cherbourg,yes,True,
370,1.0,1,male,25.0,1,0,55.4417,C,First,man,True,E,Cherbourg,yes,False,-1.0
371,,3,male,18.0,1,0,6.4958,S,Third,man,True,,Southampton,no,False,-1.0
372,,3,male,19.0,0,0,8.05,S,Third,man,True,,Southampton,no,True,
373,,1,male,22.0,0,0,135.6333,C,First,man,True,,Cherbourg,no,True,
374,,3,female,3.0,3,1,21.075,S,Third,child,False,,Southampton,no,False,
375,1.0,1,female,,1,0,82.1708,C,First,woman,False,,Cherbourg,yes,False,-1.0
376,1.0,3,female,22.0,0,0,7.25,S,Third,woman,False,,Southampton,yes,True,
377,,1,male,27.0,0,2,211.5,C,First,man,True,C,Cherbourg,no,False,
378,,3,male,20.0,0,0,4.0125,C,Third,man,True,,Cherbourg,no,True,
379,,3,male,19.0,0,0,7.775,S,Third,man,True,,Southampton,no,True,
380,1.0,1,female,42.0,0,0,227.525,C,First,woman,False,,Cherbourg,yes,True,
381,1.0,3,female,1.0,0,2,15.7417,C,Third,child,False,,Cherbourg,yes,False,
382,,3,male,32.0,0,0,7.925,S,Third,man,True,,Southampton,no,True,
383,1.0,1,female,35.0,1,0,52.0,S,First,woman,False,,Southampton,yes,False,-1.0
384,,3,male,,0,0,7.8958,S,Third,man,True,,Southampton,no,True,
385,,2,male,18.0,0,0,73.5,S,Second,man,True,,Southampton,no,True,
386,,3,male,1.0,5,2,46.9,S,Third,child,False,,Southampton,no,False,
387,1.0,2,female,36.0,0,0,13.0,S,Second,woman,False,,Southampton,yes,True,
388,,3,male,,0,0,7.7292,Q,Third,man,True,,Queenstown,no,True,
389,1.0,2,female,17.0,0,0,12.0,C,Second,woman,False,,Cherbourg,yes,True,
390,1.0,1,male,36.0,1,2,120.0,S,First,man,True,B,Southampton,yes,False,-1.0
391,1.0,3,male,21.0,0,0,7.7958,S,Third,man,True,,Southampton,yes,True,
392,,3,male,28.0,2,0,7.925,S,Third,man,True,,Southampton,no,False,
393,1.0,1,female,23.0,1,0,113.275,C,First,woman,False,D,Cherbourg,yes,False,-1.0
394,1.0,3,female,24.0,0,2,16.7,S,Third,woman,False,G,Southampton,yes,False,
395,,3,male,22.0,0,0,7.7958,S,Third,man,True,,Southampton,no,True,
396,,3,female,31.0,0,0,7.8542,S,Third,woman,False,,Southampton,no,True,
397,,2,male,46.0,0,0,26.0,S,Second,man,True,,Southampton,no,True,
398,,2,male,23.0,0,0,10.5,S,Second,man,True,,Southampton,no,True,
399,1.0,2,female,28.0,0,0,12.65,S,Second,woman,False,,Southampton,yes,True,
400,1.0,3,male,39.0,0,0,7.925,S,Third,man,True,,Southampton,yes,True,
401,,3,male,26.0,0,0,8.05,S,Third,man,True,,Southampton,no,True,
402,,3,female,21.0,1,0,9.825,S,Third,woman,False,,Southampton,no,False,-1.0
403,,3,male,28.0,1,0,15.85,S,Third,man,True,,Southampton,no,False,-1.0
404,,3,female,20.0,0,0,8.6625,S,Third,woman,False,,Southampton,no,True,
405,,2,male,34.0,1,0,21.0,S,Second,man,True,,Southampton,no,False,-1.0
406,,3,male,51.0,0,0,7.75,S,Third,man,True,,Southampton,no,True,
407,1.0,2,male,3.0,1,1,18.75,S,Second,child,False,,Southampton,yes,False,-1.0
408,,3,male,21.0,0,0,7.775,S,Third,man,True,,Southampton,no,True,
409,,3,female,,3,1,25.4667,S,Third,woman,False,,Southampton,no,False,
410,,3,male,,0,0,7.8958,S,Third,man,True,,Southampton,no,True,
411,,3,male,,0,0,6.8583,Q,Third,man,True,,Queenstown,no,True,
412,1.0,1,female,33.0,1,0,90.0,Q,First,woman,False,C,Queenstown,yes,False,-1.0
413,,2,male,,0,0,0.0,S,Second,man,True,,Southampton,no,True,
414,1.0,3,male,44.0,0,0,7.925,S,Third,man,True,,Southampton,yes,True,
415,,3,female,,0,0,8.05,S,Third,woman,False,,Southampton,no,True,
416,1.0,2,female,34.0,1,1,32.5,S,Second,woman,False,,Southampton,yes,False,-1.0
417,1.0,2,female,18.0,0,2,13.0,S,Second,woman,False,,Southampton,yes,False,
418,,2,male,30.0,0,0,13.0,S,Second,man,True,,Southampton,no,True,
419,,3,female,10.0,0,2,24.15,S,Third,child,False,,Southampton,no,False,
420,,3,male,,0,0,7.8958,C,Third,man,True,,Cherbourg,no,True,
421,,3,male,21.0,0,0,7.7333,Q,Third,man,True,,Queenstown,no,True,
422,,3,male,29.0,0,0,7.875,S,Third,man,True,,Southampton,no,True,
423,,3,female,28.0,1,1,14.4,S,Third,woman,False,,Southampton,no,False,-1.0
424,,3,male,18.0,1,1,20.2125,S,Third,man,True,,Southampton,no,False,-1.0
425,,3,male,,0,0,7.25,S,Third,man,True,,Southampton,no,True,
426,1.0,2,female,28.0,1,0,26.0,S,Second,woman,False,,Southampton,yes,False,-1.0
427,1.0,2,female,19.0,0,0,26.0,S,Second,woman,False,,Southampton,yes,True,
428,,3,male,,0,0,7.75,Q,Third,man,True,,Queenstown,no,True,
429,1.0,3,male,32.0,0,0,8.05,S,Third,man,True,E,Southampton,yes,True,
430,1.0,1,male,28.0,0,0,26.55,S,First,man,True,C,Southampton,yes,True,
431,1.0,3,female,,1,0,16.1,S,Third,woman,False,,Southampton,yes,False,-1.0
432,1.0,2,female,42.0,1,0,26.0,S,Second,woman,False,,Southampton,yes,False,-1.0
433,,3,male,17.0,0,0,7.125,S,Third,man,True,,Southampton,no,True,
434,,1,male,50.0,1,0,55.9,S,First,man,True,E,Southampton,no,False,-1.0
435,1.0,1,female,14.0,1,2,120.0,S,First,child,False,B,Southampton,yes,False,-1.0
436,,3,female,21.0,2,2,34.375,S,Third,woman,False,,Southampton,no,False,
437,1.0,2,female,24.0,2,3,18.75,S,Second,woman,False,,Southampton,yes,False,
438,,1,male,64.0,1,4,263.0,S,First,man,True,C,Southampton,no,False,-1.0
439,,2,male,31.0,0,0,10.5,S,Second,man,True,,Southampton,no,True,
440,1.0,2,female,45.0,1,1,26.25,S,Second,woman,False,,Southampton,yes,False,-1.0
441,,3,male,20.0,0,0,9.5,S,Third,man,True,,Southampton,no,True,
442,,3,male,25.0,1,0,7.775,S,Third,man,True,,Southampton,no,False,-1.0
443,1.0,2,female,28.0,0,0,13.0,S,Second,woman,False,,Southampton,yes,True,
444,1.0,3,male,,0,0,8.1125,S,Third,man,True,,Southampton,yes,True,
445,1.0,1,male,4.0,0,2,81.8583,S,First,child,False,A,Southampton,yes,False,
446,1.0,2,female,13.0,0,1,19.5,S,Second,child,False,,Southampton,yes,False,
447,1.0,1,male,34.0,0,0,26.55,S,First,man,True,,Southampton,yes,True,
448,1.0,3,female,5.0,2,1,19.2583,C,Third,child,False,,Cherbourg,yes,False,
449,1.0,1,male,52.0,0,0,30.5,S,First,man,True,C,Southampton,yes,True,
450,,2,male,36.0,1,2,27.75,S,Second,man,True,,Southampton,no,False,-1.0
451,,3,male,,1,0,19.9667,S,Third,man,True,,Southampton,no,False,-1.0
452,,1,male,30.0,0,0,27.75,C,First,man,True,C,Cherbourg,no,True,
453,1.0,1,male,49.0,1,0,89.1042,C,First,man,True,C,Cherbourg,yes,False,-1.0
454,,3,male,,0,0,8.05,S,Third,man,True,,Southampton,no,True,
455,1.0,3,male,29.0,0,0,7.8958,C,Third,man,True,,Cherbourg,yes,True,
456,,1,male,65.0,0,0,26.55,S,First,man,True,E,Southampton,no,True,
457,1.0,1,female,,1,0,51.8625,S,First,woman,False,D,Southampton,yes,False,-1.0
458,1.0,2,female,50.0,0,0,10.5,S,Second,woman,False,,Southampton,yes,True,
459,,3,male,,0,0,7.75,Q,Third,man,True,,Queenstown,no,True,
460,1.0,1,male,48.0,0,0,26.55,S,First,man,True,E,Southampton,yes,True,
461,,3,male,34.0,0,0,8.05,S,Third,man,True,,Southampton,no,True,
462,,1,male,47.0,0,0,38.5,S,First,man,True,E,Southampton,no,True,
463,,2,male,48.0,0,0,13.0,S,Second,man,True,,Southampton,no,True,
464,,3,male,,0,0,8.05,S,Third,man,True,,Southampton,no,True,
465,,3,male,38.0,0,0,7.05,S,Third,man,True,,Southampton,no,True,
466,,2,male,,0,0,0.0,S,Second,man,True,,Southampton,no,True,
467,,1,male,56.0,0,0,26.55,S,First,man,True,,Southampton,no,True,
468,,3,male,,0,0,7.725,Q,Third,man,True,,Queenstown,no,True,
469,1.0,3,female,0.75,2,1,19.2583,C,Third,child,False,,Cherbourg,yes,False,
470,,3,male,,0,0,7.25,S,Third,man,True,,Southampton,no,True,
471,,3,male,38.0,0,0,8.6625,S,Third,man,True,,Southampton,no,True,
472,1.0,2,female,33.0,1,2,27.75,S,Second,woman,False,,Southampton,yes,False,-1.0
473,1.0,2,female,23.0,0,0,13.7917,C,Second,woman,False,D,Cherbourg,yes,True,
474,,3,female,22.0,0,0,9.8375,S,Third,woman,False,,Southampton,no,True,
475,,1,male,,0,0,52.0,S,First,man,True,A,Southampton,no,True,
476,,2,male,34.0,1,0,21.0,S,Second,man,True,,Southampton,no,False,-1.0
477,,3,male,29.0,1,0,7.0458,S,Third,man,True,,Southampton,no,False,-1.0
478,,3,male,22.0,0,0,7.5208,S,Third,man,True,,Southampton,no,True,
479,1.0,3,female,2.0,0,1,12.2875,S,Third,child,False,,Southampton,yes,False,
480,,3,male,9.0,5,2,46.9,S,Third,child,False,,Southampton,no,False,
481,,2,male,,0,0,0.0,S,Second,man,True,,Southampton,no,True,
482,,3,male,50.0,0,0,8.05,S,Third,man,True,,Southampton,no,True,
483,1.0,3,female,63.0,0,0,9.5875,S,Third,woman,False,,Southampton,yes,True,
484,1.0,1,male,25.0,1,0,91.0792,C,First,man,True,B,Cherbourg,yes,False,-1.0
485,,3,female,,3,1,25.4667,S,Third,woman,False,,Southampton,no,False,
486,1.0,1,female,35.0,1,0,90.0,S,First,woman,False,C,Southampton,yes,False,-1.0
487,,1,male,58.0,0,0,29.7,C,First,man,True,B,Cherbourg,no,True,
488,,3,male,30.0,0,0,8.05,S,Third,man,True,,Southampton,no,True,
489,1.0,3,male,9.0,1,1,15.9,S,Third,child,False,,Southampton,yes,False,-1.0
490,,3,male,,1,0,19.9667,S,Third,man,True,,Southampton,no,False,-1.0
491,,3,male,21.0,0,0,7.25,S,Third,man,True,,Southampton,no,True,
492,,1,male,55.0,0,0,30.5,S,First,man,True,C,Southampton,no,True,
493,,1,male,71.0,0,0,49.5042,C,First,man,True,,Cherbourg,no,True,
494,,3,male,21.0,0,0,8.05,S,Third,man,True,,Southampton,no,True,
495,,3,male,,0,0,14.4583,C,Third,man,True,,Cherbourg,no,True,
496,1.0,1,female,54.0,1,0,78.2667,C,First,woman,False,D,Cherbourg,yes,False,-1.0
497,,3,male,,0,0,15.1,S,Third,man,True,,Southampton,no,True,
498,,1,female,25.0,1,2,151.55,S,First,woman,False,C,Southampton,no,False,-1.0
499,,3,male,24.0,0,0,7.7958,S,Third,man,True,,Southampton,no,True,
500,,3,male,17.0,0,0,8.6625,S,Third,man,True,,Southampton,no,True,
501,,3,female,21.0,0,0,7.75,Q,Third,woman,False,,Queenstown,no,True,
502,,3,female,,0,0,7.6292,Q,Third,woman,False,,Queenstown,no,True,
503,,3,female,37.0,0,0,9.5875,S,Third,woman,False,,Southampton,no,True,
504,1.0,1,female,16.0,0,0,86.5,S,First,woman,False,B,Southampton,yes,True,
505,,1,male,18.0,1,0,108.9,C,First,man,True,C,Cherbourg,no,False,-1.0
506,1.0,2,female,33.0,0,2,26.0,S,Second,woman,False,,Southampton,yes,False,
507,1.0,1,male,,0,0,26.55,S,First,man,True,,Southampton,yes,True,
508,,3,male,28.0,0,0,22.525,S,Third,man,True,,Southampton,no,True,
509,1.0,3,male,26.0,0,0,56.4958,S,Third,man,True,,Southampton,yes,True,
510,1.0,3,male,29.0,0,0,7.75,Q,Third,man,True,,Queenstown,yes,True,
511,,3,male,,0,0,8.05,S,Third,man,True,,Southampton,no,True,
512,1.0,1,male,36.0,0,0,26.2875,S,First,man,True,E,Southampton,yes,True,
513,1.0,1,female,54.0,1,0,59.4,C,First,woman,False,,Cherbourg,yes,False,-1.0
514,,3,male,24.0,0,0,7.4958,S,Third,man,True,,Southampton,no,True,
515,,1,male,47.0,0,0,34.0208,S,First,man,True,D,Southampton,no,True,
516,1.0,2,female,34.0,0,0,10.5,S,Second,woman,False,F,Southampton,yes,True,
517,,3,male,,0,0,24.15,Q,Third,man,True,,Queenstown,no,True,
518,1.0,2,female,36.0,1,0,26.0,S,Second,woman,False,,Southampton,yes,False,-1.0
519,,3,male,32.0,0,0,7.8958,S,Third,man,True,,Southampton,no,True,
520,1.0,1,female,30.0,0,0,93.5,S,First,woman,False,B,Southampton,yes,True,
521,,3,male,22.0,0,0,7.8958,S,Third,man,True,,Southampton,no,True,
522,,3,male,,0,0,7.225,C,Third,man,True,,Cherbourg,no,True,
523,1.0,1,female,44.0,0,1,57.9792,C,First,woman,False,B,Cherbourg,yes,False,
524,,3,male,,0,0,7.2292,C,Third,man,True,,Cherbourg,no,True,
525,,3,male,40.5,0,0,7.75,Q,Third,man,True,,Queenstown,no,True,
526,1.0,2,female,50.0,0,0,10.5,S,Second,woman,False,,Southampton,yes,True,
527,,1,male,,0,0,221.7792,S,First,man,True,C,Southampton,no,True,
528,,3,male,39.0,0,0,7.925,S,Third,man,True,,Southampton,no,True,
529,,2,male,23.0,2,1,11.5,S,Second,man,True,,Southampton,no,False,
530,1.0,2,female,2.0,1,1,26.0,S,Second,child,False,,Southampton,yes,False,-1.0
531,,3,male,,0,0,7.2292,C,Third,man,True,,Cherbourg,no,True,
532,,3,male,17.0,1,1,7.2292,C,Third,man,True,,Cherbourg,no,False,-1.0
533,1.0,3,female,,0,2,22.3583,C,Third,woman,False,,Cherbourg,yes,False,
534,,3,female,30.0,0,0,8.6625,S,Third,woman,False,,Southampton,no,True,
535,1.0,2,female,7.0,0,2,26.25,S,Second,child,False,,Southampton,yes,False,
536,,1,male,45.0,0,0,26.55,S,First,man,True,B,Southampton,no,True,
537,1.0,1,female,30.0,0,0,106.425,C,First,woman,False,,Cherbourg,yes,True,
538,,3,male,,0,0,14.5,S,Third,man,True,,Southampton,no,True,
539,1.0,1,female,22.0,0,2,49.5,C,First,woman,False,B,Cherbourg,yes,False,
540,1.0,1,female,36.0,0,2,71.0,S,First,woman,False,B,Southampton,yes,False,
541,,3,female,9.0,4,2,31.275,S,Third,child,False,,Southampton,no,False,
542,,3,female,11.0,4,2,31.275,S,Third,child,False,,Southampton,no,False,
543,1.0,2,male,32.0,1,0,26.0,S,Second,man,True,,Southampton,yes,False,-1.0
544,,1,male,50.0,1,0,106.425,C,First,man,True,C,Cherbourg,no,False,-1.0
545,,1,male,64.0,0,0,26.0,S,First,man,True,,Southampton,no,True,
546,1.0,2,female,19.0,1,0,26.0,S,Second,woman,False,,Southampton,yes,False,-1.0
547,1.0,2,male,,0,0,13.8625,C,Second,man,True,,Cherbourg,yes,True,
548,,3,male,33.0,1,1,20.525,S,Third,man,True,,Southampton,no,False,-1.0
549,1.0,2,male,8.0,1,1,36.75,S,Second,child,False,,Southampton,yes,False,-1.0
550,1.0,1,male,17.0,0,2,110.8833,C,First,man,True,C,Cherbourg,yes,False,
551,,2,male,27.0,0,0,26.0,S,Second,man,True,,Southampton,no,True,
552,,3,male,,0,0,7.8292,Q,Third,man,True,,Queenstown,no,True,
553,1.0,3,male,22.0,0,0,7.225,C,Third,man,True,,Cherbourg,yes,True,
554,1.0,3,female,22.0,0,0,7.775,S,Third,woman,False,,Southampton,yes,True,
555,,1,male,62.0,0,0,26.55,S,First,man,True,,Southampton,no,True,
556,1.0,1,female,48.0,1,0,39.6,C,First,woman,False,A,Cherbourg,yes,False,-1.0
557,,1,male,,0,0,227.525,C,First,man,True,,Cherbourg,no,True,
558,1.0,1,female,39.0,1,1,79.65,S,First,woman,False,E,Southampton,yes,False,-1.0
559,1.0,3,female,36.0,1,0,17.4,S,Third,woman,False,,Southampton,yes,False,-1.0
560,,3,male,,0,0,7.75,Q,Third,man,True,,Queenstown,no,True,
561,,3,male,40.0,0,0,7.8958,S,Third,man,True,,Southampton,no,True,
562,,2,male,28.0,0,0,13.5,S,Second,man,True,,Southampton,no,True,
563,,3,male,,0,0,8.05,S,Third,man,True,,Southampton,no,True,
564,,3,female,,0,0,8.05,S,Third,woman,False,,Southampton,no,True,
565,,3,male,24.0,2,0,24.15,S,Third,man,True,,Southampton,no,False,
566,,3,male,19.0,0,0,7.8958,S,Third,man,True,,Southampton,no,True,
567,,3,female,29.0,0,4,21.075,S,Third,woman,False,,Southampton,no,False,
568,,3,male,,0,0,7.2292,C,Third,man,True,,Cherbourg,no,True,
569,1.0,3,male,32.0,0,0,7.8542,S,Third,man,True,,Southampton,yes,True,
570,1.0,2,male,62.0,0,0,10.5,S,Second,man,True,,Southampton,yes,True,
571,1.0,1,female,53.0,2,0,51.4792,S,First,woman,False,C,Southampton,yes,False,
572,1.0,1,male,36.0,0,0,26.3875,S,First,man,True,E,Southampton,yes,True,
573,1.0,3,female,,0,0,7.75,Q,Third,woman,False,,Queenstown,yes,True,
574,,3,male,16.0,0,0,8.05,S,Third,man,True,,Southampton,no,True,
575,,3,male,19.0,0,0,14.5,S,Third,man,True,,Southampton,no,True,
576,1.0,2,female,34.0,0,0,13.0,S,Second,woman,False,,Southampton,yes,True,
577,1.0,1,female,39.0,1,0,55.9,S,First,woman,False,E,Southampton,yes,False,-1.0
578,,3,female,,1,0,14.4583,C,Third,woman,False,,Cherbourg,no,False,-1.0
579,1.0,3,male,32.0,0,0,7.925,S,Third,man,True,,Southampton,yes,True,
580,1.0,2,female,25.0,1,1,30.0,S,Second,woman,False,,Southampton,yes,False,-1.0
581,1.0,1,female,39.0,1,1,110.8833,C,First,woman,False,C,Cherbourg,yes,False,-1.0
582,,2,male,54.0,0,0,26.0,S,Second,man,True,,Southampton,no,True,
583,,1,male,36.0,0,0,40.125,C,First,man,True,A,Cherbourg,no,True,
584,,3,male,,0,0,8.7125,C,Third,man,True,,Cherbourg,no,True,
585,1.0,1,female,18.0,0,2,79.65,S,First,woman,False,E,Southampton,yes,False,
586,,2,male,47.0,0,0,15.0,S,Second,man,True,,Southampton,no,True,
587,1.0,1,male,60.0,1,1,79.2,C,First,man,True,B,Cherbourg,yes,False,-1.0
588,,3,male,22.0,0,0,8.05,S,Third,man,True,,Southampton,no,True,
589,,3,male,,0,0,8.05,S,Third,man,True,,Southampton,no,True,
590,,3,male,35.0,0,0,7.125,S,Third,man,True,,Southampton,no,True,
591,1.0,1,female,52.0,1,0,78.2667,C,First,woman,False,D,Cherbourg,yes,False,-1.0
592,,3,male,47.0,0,0,7.25,S,Third,man,True,,Southampton,no,True,
593,,3,female,,0,2,7.75,Q,Third,woman,False,,Queenstown,no,False,
594,,2,male,37.0,1,0,26.0,S,Second,man,True,,Southampton,no,False,-1.0
595,,3,male,36.0,1,1,24.15,S,Third,man,True,,Southampton,no,False,-1.0
596,1.0,2,female,,0,0,33.0,S,Second,woman,False,,Southampton,yes,True,
597,,3,male,49.0,0,0,0.0,S,Third,man,True,,Southampton,no,True,
598,,3,male,,0,0,7.225,C,Third,man,True,,Cherbourg,no,True,
599,1.0,1,male,49.0,1,0,56.9292,C,First,man,True,A,Cherbourg,yes,False,-1.0
600,1.0,2,female,24.0,2,1,27.0,S,Second,woman,False,,Southampton,yes,False,
601,,3,male,,0,0,7.8958,S,Third,man,True,,Southampton,no,True,
602,,1,male,,0,0,42.4,S,First,man,True,,Southampton,no,True,
603,,3,male,44.0,0,0,8.05,S,Third,man,True,,Southampton,no,True,
604,1.0,1,male,35.0,0,0,26.55,C,First,man,True,,Cherbourg,yes,True,
605,,3,male,36.0,1,0,15.55,S,Third,man,True,,Southampton,no,False,-1.0
606,,3,male,30.0,0,0,7.8958,S,Third,man,True,,Southampton,no,True,
607,1.0,1,male,27.0,0,0,30.5,S,First,man,True,,Southampton,yes,True,
608,1.0,2,female,22.0,1,2,41.5792,C,Second,woman,False,,Cherbourg,yes,False,-1.0
609,1.0,1,female,40.0,0,0,153.4625,S,First,woman,False,C,Southampton,yes,True,
610,,3,female,39.0,1,5,31.275,S,Third,woman,False,,Southampton,no,False,-1.0
611,,3,male,,0,0,7.05,S,Third,man,True,,Southampton,no,True,
612,1.0,3,female,,1,0,15.5,Q,Third,woman,False,,Queenstown,yes,False,-1.0
613,,3,male,,0,0,7.75,Q,Third,man,True,,Queenstown,no,True,
614,,3,male,35.0,0,0,8.05,S,Third,man,True,,Southampton,no,True,
615,1.0,2,female,24.0,1,2,65.0,S,Second,woman,False,,Southampton,yes,False,-1.0
616,,3,male,34.0,1,1,14.4,S,Third,man,True,,Southampton,no,False,-1.0
617,,3,female,26.0,1,0,16.1,S,Third,woman,False,,Southampton,no,False,-1.0
618,1.0,2,female,4.0,2,1,39.0,S,Second,child,False,F,Southampton,yes,False,
619,,2,male,26.0,0,0,10.5,S,Second,man,True,,Southampton,no,True,
620,,3,male,27.0,1,0,14.4542,C,Third,man,True,,Cherbourg,no,False,-1.0
621,1.0,1,male,42.0,1,0,52.5542,S,First,man,True,D,Southampton,yes,False,-1.0
622,1.0,3,male,20.0,1,1,15.7417,C,Third,man,True,,Cherbourg,yes,False,-1.0
623,,3,male,21.0,0,0,7.8542,S,Third,man,True,,Southampton,no,True,
624,,3,male,21.0,0,0,16.1,S,Third,man,True,,Southampton,no,True,
625,,1,male,61.0,0,0,32.3208,S,First,man,True,D,Southampton,no,True,
626,,2,male,57.0,0,0,12.35,Q,Second,man,True,,Queenstown,no,True,
627,1.0,1,female,21.0,0,0,77.9583,S,First,woman,False,D,Southampton,yes,True,
628,,3,male,26.0,0,0,7.8958,S,Third,man,True,,Southampton,no,True,
629,,3,male,,0,0,7.7333,Q,Third,man,True,,Queenstown,no,True,
630,1.0,1,male,80.0,0,0,30.0,S,First,man,True,A,Southampton,yes,True,
631,,3,male,51.0,0,0,7.0542,S,Third,man,True,,Southampton,no,True,
632,1.0,1,male,32.0,0,0,30.5,C,First,man,True,B,Cherbourg,yes,True,
633,,1,male,,0,0,0.0,S,First,man,True,,Southampton,no,True,
634,,3,female,9.0,3,2,27.9,S,Third,child,False,,Southampton,no,False,
635,1.0,2,female,28.0,0,0,13.0,S,Second,woman,False,,Southampton,yes,True,
636,,3,male,32.0,0,0,7.925,S,Third,man,True,,Southampton,no,True,
637,,2,male,31.0,1,1,26.25,S,Second,man,True,,Southampton,no,False,-1.0
638,,3,female,41.0,0,5,39.6875,S,Third,woman,False,,Southampton,no,False,
639,,3,male,,1,0,16.1,S,Third,man,True,,Southampton,no,False,-1.0
640,,3,male,20.0,0,0,7.8542,S,Third,man,True,,Southampton,no,True,
641,1.0,1,female,24.0,0,0,69.3,C,First,woman,False,B,Cherbourg,yes,True,
642,,3,female,2.0,3,2,27.9,S,Third,child,False,,Southampton,no,False,
643,1.0,3,male,,0,0,56.4958,S,Third,man,True,,Southampton,yes,True,
644,1.0,3,female,0.75,2,1,19.2583,C,Third,child,False,,Cherbourg,yes,False,
645,1.0,1,male,48.0,1,0,76.7292,C,First,man,True,D,Cherbourg,yes,False,-1.0
646,,3,male,19.0,0,0,7.8958,S,Third,man,True,,Southampton,no,True,
647,1.0,1,male,56.0,0,0,35.5,C,First,man,True,A,Cherbourg,yes,True,
648,,3,male,,0,0,7.55,S,Third,man,True,,Southampton,no,True,
649,1.0,3,female,23.0,0,0,7.55,S,Third,woman,False,,Southampton,yes,True,
650,,3,male,,0,0,7.8958,S,Third,man,True,,Southampton,no,True,
651,1.0,2,female,18.0,0,1,23.0,S,Second,woman,False,,Southampton,yes,False,
652,,3,male,21.0,0,0,8.4333,S,Third,man,True,,Southampton,no,True,
653,1.0,3,female,,0,0,7.8292,Q,Third,woman,False,,Queenstown,yes,True,
654,,3,female,18.0,0,0,6.75,Q,Third,woman,False,,Queenstown,no,True,
655,,2,male,24.0,2,0,73.5,S,Second,man,True,,Southampton,no,False,
656,,3,male,,0,0,7.8958,S,Third,man,True,,Southampton,no,True,
657,,3,female,32.0,1,1,15.5,Q,Third,woman,False,,Queenstown,no,False,-1.0
658,,2,male,23.0,0,0,13.0,S,Second,man,True,,Southampton,no,True,
659,,1,male,58.0,0,2,113.275,C,First,man,True,D,Cherbourg,no,False,
660,1.0,1,male,50.0,2,0,133.65,S,First,man,True,,Southampton,yes,False,
661,,3,male,40.0,0,0,7.225,C,Third,man,True,,Cherbourg,no,True,
662,,1,male,47.0,0,0,25.5875,S,First,man,True,E,Southampton,no,True,
663,,3,male,36.0,0,0,7.4958,S,Third,man,True,,Southampton,no,True,
664,1.0,3,male,20.0,1,0,7.925,S,Third,man,True,,Southampton,yes,False,-1.0
665,,2,male,32.0,2,0,73.5,S,Second,man,True,,Southampton,no,False,
666,,2,male,25.0,0,0,13.0,S,Second,man,True,,Southampton,no,True,
667,,3,male,,0,0,7.775,S,Third,man,True,,Southampton,no,True,
668,,3,male,43.0,0,0,8.05,S,Third,man,True,,Southampton,no,True,
669,1.0,1,female,,1,0,52.0,S,First,woman,False,C,Southampton,yes,False,-1.0
670,1.0,2,female,40.0,1,1,39.0,S,Second,woman,False,,Southampton,yes,False,-1.0
671,,1,male,31.0,1,0,52.0,S,First,man,True,B,Southampton,no,False,-1.0
672,,2,male,70.0,0,0,10.5,S,Second,man,True,,Southampton,no,True,
673,1.0,2,male,31.0,0,0,13.0,S,Second,man,True,,Southampton,yes,True,
674,,2,male,,0,0,0.0,S,Second,man,True,,Southampton,no,True,
675,,3,male,18.0,0,0,7.775,S,Third,man,True,,Southampton,no,True,
676,,3,male,24.5,0,0,8.05,S,Third,man,True,,Southampton,no,True,
677,1.0,3,female,18.0,0,0,9.8417,S,Third,woman,False,,Southampton,yes,True,
678,,3,female,43.0,1,6,46.9,S,Third,woman,False,,Southampton,no,False,-1.0
679,1.0,1,male,36.0,0,1,512.3292,C,First,man,True,B,Cherbourg,yes,False,
680,,3,female,,0,0,8.1375,Q,Third,woman,False,,Queenstown,no,True,
681,1.0,1,male,27.0,0,0,76.7292,C,First,man,True,D,Cherbourg,yes,True,
682,,3,male,20.0,0,0,9.225,S,Third,man,True,,Southampton,no,True,
683,,3,male,14.0,5,2,46.9,S,Third,child,False,,Southampton,no,False,
684,,2,male,60.0,1,1,39.0,S,Second,man,True,,Southampton,no,False,-1.0
685,,2,male,25.0,1,2,41.5792,C,Second,man,True,,Cherbourg,no,False,-1.0
686,,3,male,14.0,4,1,39.6875,S,Third,child,False,,Southampton,no,False,
687,,3,male,19.0,0,0,10.1708,S,Third,man,True,,Southampton,no,True,
688,,3,male,18.0,0,0,7.7958,S,Third,man,True,,Southampton,no,True,
689,1.0,1,female,15.0,0,1,211.3375,S,First,child,False,B,Southampton,yes,False,
690,1.0,1,male,31.0,1,0,57.0,S,First,man,True,B,Southampton,yes,False,-1.0
691,1.0,3,female,4.0,0,1,13.4167,C,Third,child,False,,Cherbourg,yes,False,
692,1.0,3,male,,0,0,56.4958,S,Third,man,True,,Southampton,yes,True,
693,,3,male,25.0,0,0,7.225,C,Third,man,True,,Cherbourg,no,True,
694,,1,male,60.0,0,0,26.55,S,First,man,True,,Southampton,no,True,
695,,2,male,52.0,0,0,13.5,S,Second,man,True,,Southampton,no,True,
696,,3,male,44.0,0,0,8.05,S,Third,man,True,,Southampton,no,True,
697,1.0,3,female,,0,0,7.7333,Q,Third,woman,False,,Queenstown,yes,True,
698,,1,male,49.0,1,1,110.8833,C,First,man,True,C,Cherbourg,no,False,-1.0
699,,3,male,42.0,0,0,7.65,S,Third,man,True,F,Southampton,no,True,
700,1.0,1,female,18.0,1,0,227.525,C,First,woman,False,C,Cherbourg,yes,False,-1.0
701,1.0,1,male,35.0,0,0,26.2875,S,First,man,True,E,Southampton,yes,True,
702,,3,female,18.0,0,1,14.4542,C,Third,woman,False,,Cherbourg,no,False,
703,,3,male,25.0,0,0,7.7417,Q,Third,man,True,,Queenstown,no,True,
704,,3,male,26.0,1,0,7.8542,S,Third,man,True,,Southampton,no,False,-1.0
705,,2,male,39.0,0,0,26.0,S,Second,man,True,,Southampton,no,True,
706,1.0,2,female,45.0,0,0,13.5,S,Second,woman,False,,Southampton,yes,True,
707,1.0,1,male,42.0,0,0,26.2875,S,First,man,True,E,Southampton,yes,True,
708,1.0,1,female,22.0,0,0,151.55,S,First,woman,False,,Southampton,yes,True,
709,1.0,3,male,,1,1,15.2458,C,Third,man,True,,Cherbourg,yes,False,-1.0
710,1.0,1,female,24.0,0,0,49.5042,C,First,woman,False,C,Cherbourg,yes,True,
711,,1,male,,0,0,26.55,S,First,man,True,C,Southampton,no,True,
712,1.0,1,male,48.0,1,0,52.0,S,First,man,True,C,Southampton,yes,False,-1.0
713,,3,male,29.0,0,0,9.4833,S,Third,man,True,,Southampton,no,True,
714,,2,male,52.0,0,0,13.0,S,Second,man,True,,Southampton,no,True,
715,,3,male,19.0,0,0,7.65,S,Third,man,True,F,Southampton,no,True,
716,1.0,1,female,38.0,0,0,227.525,C,First,woman,False,C,Cherbourg,yes,True,
717,1.0,2,female,27.0,0,0,10.5,S,Second,woman,False,E,Southampton,yes,True,
718,,3,male,,0,0,15.5,Q,Third,man,True,,Queenstown,no,True,
719,,3,male,33.0,0,0,7.775,S,Third,man,True,,Southampton,no,True,
720,1.0,2,female,6.0,0,1,33.0,S,Second,child,False,,Southampton,yes,False,
721,,3,male,17.0,1,0,7.0542,S,Third,man,True,,Southampton,no,False,-1.0
722,,2,male,34.0,0,0,13.0,S,Second,man,True,,Southampton,no,True,
723,,2,male,50.0,0,0,13.0,S,Second,man,True,,Southampton,no,True,
724,1.0,1,male,27.0,1,0,53.1,S,First,man,True,E,Southampton,yes,False,-1.0
725,,3,male,20.0,0,0,8.6625,S,Third,man,True,,Southampton,no,True,
726,1.0,2,female,30.0,3,0,21.0,S,Second,woman,False,,Southampton,yes,False,
727,1.0,3,female,,0,0,7.7375,Q,Third,woman,False,,Queenstown,yes,True,
728,,2,male,25.0,1,0,26.0,S,Second,man,True,,Southampton,no,False,-1.0
729,,3,female,25.0,1,0,7.925,S,Third,woman,False,,Southampton,no,False,-1.0
730,1.0,1,female,29.0,0,0,211.3375,S,First,woman,False,B,Southampton,yes,True,
731,,3,male,11.0,0,0,18.7875,C,Third,child,False,,Cherbourg,no,True,
732,,2,male,,0,0,0.0,S,Second,man,True,,Southampton,no,True,
733,,2,male,23.0,0,0,13.0,S,Second,man,True,,Southampton,no,True,
734,,2,male,23.0,0,0,13.0,S,Second,man,True,,Southampton,no,True,
735,,3,male,28.5,0,0,16.1,S,Third,man,True,,Southampton,no,True,
736,,3,female,48.0,1,3,34.375,S,Third,woman,False,,Southampton,no,False,-1.0
737,1.0,1,male,35.0,0,0,512.3292,C,First,man,True,B,Cherbourg,yes,True,
738,,3,male,,0,0,7.8958,S,Third,man,True,,Southampton,no,True,
739,,3,male,,0,0,7.8958,S,Third,man,True,,Southampton,no,True,
740,1.0,1,male,,0,0,30.0,S,First,man,True,D,Southampton,yes,True,
741,,1,male,36.0,1,0,78.85,S,First,man,True,C,Southampton,no,False,-1.0
742,1.0,1,female,21.0,2,2,262.375,C,First,woman,False,B,Cherbourg,yes,False,
743,,3,male,24.0,1,0,16.1,S,Third,man,True,,Southampton,no,False,-1.0
744,1.0,3,male,31.0,0,0,7.925,S,Third,man,True,,Southampton,yes,True,
745,,1,male,70.0,1,1,71.0,S,First,man,True,B,Southampton,no,False,-1.0
746,,3,male,16.0,1,1,20.25,S,Third,man,True,,Southampton,no,False,-1.0
747,1.0,2,female,30.0,0,0,13.0,S,Second,woman,False,,Southampton,yes,True,
748,,1,male,19.0,1,0,53.1,S,First,man,True,D,Southampton,no,False,-1.0
749,,3,male,31.0,0,0,7.75,Q,Third,man,True,,Queenstown,no,True,
750,1.0,2,female,4.0,1,1,23.0,S,Second,child,False,,Southampton,yes,False,-1.0
751,1.0,3,male,6.0,0,1,12.475,S,Third,child,False,E,Southampton,yes,False,
752,,3,male,33.0,0,0,9.5,S,Third,man,True,,Southampton,no,True,
753,,3,male,23.0,0,0,7.8958,S,Third,man,True,,Southampton,no,True,
754,1.0,2,female,48.0,1,2,65.0,S,Second,woman,False,,Southampton,yes,False,-1.0
755,1.0,2,male,0.67,1,1,14.5,S,Second,child,False,,Southampton,yes,False,-1.0
756,,3,male,28.0,0,0,7.7958,S,Third,man,True,,Southampton,no,True,
757,,2,male,18.0,0,0,11.5,S,Second,man,True,,Southampton,no,True,
758,,3,male,34.0,0,0,8.05,S,Third,man,True,,Southampton,no,True,
759,1.0,1,female,33.0,0,0,86.5,S,First,woman,False,B,Southampton,yes,True,
760,,3,male,,0,0,14.5,S,Third,man,True,,Southampton,no,True,
761,,3,male,41.0,0,0,7.125,S,Third,man,True,,Southampton,no,True,
762,1.0,3,male,20.0,0,0,7.2292,C,Third,man,True,,Cherbourg,yes,True,
763,1.0,1,female,36.0,1,2,120.0,S,First,woman,False,B,Southampton,yes,False,-1.0
764,,3,male,16.0,0,0,7.775,S,Third,man,True,,Southampton,no,True,
765,1.0,1,female,51.0,1,0,77.9583,S,First,woman,False,D,Southampton,yes,False,-1.0
766,,1,male,,0,0,39.6,C,First,man,True,,Cherbourg,no,True,
767,,3,female,30.5,0,0,7.75,Q,Third,woman,False,,Queenstown,no,True,
768,,3,male,,1,0,24.15,Q,Third,man,True,,Queenstown,no,False,-1.0
769,,3,male,32.0,0,0,8.3625,S,Third,man,True,,Southampton,no,True,
770,,3,male,24.0,0,0,9.5,S,Third,man,True,,Southampton,no,True,
771,,3,male,48.0,0,0,7.8542,S,Third,man,True,,Southampton,no,True,
772,,2,female,57.0,0,0,10.5,S,Second,woman,False,E,Southampton,no,True,
773,,3,male,,0,0,7.225,C,Third,man,True,,Cherbourg,no,True,
774,1.0,2,female,54.0,1,3,23.0,S,Second,woman,False,,Southampton,yes,False,-1.0
775,,3,male,18.0,0,0,7.75,S,Third,man,True,,Southampton,no,True,
776,,3,male,,0,0,7.75,Q,Third,man,True,F,Queenstown,no,True,
777,1.0,3,female,5.0,0,0,12.475,S,Third,child,False,,Southampton,yes,True,
778,,3,male,,0,0,7.7375,Q,Third,man,True,,Queenstown,no,True,
779,1.0,1,female,43.0,0,1,211.3375,S,First,woman,False,B,Southampton,yes,False,
780,1.0,3,female,13.0,0,0,7.2292,C,Third,child,False,,Cherbourg,yes,True,
781,1.0,1,female,17.0,1,0,57.0,S,First,woman,False,B,Southampton,yes,False,-1.0
782,,1,male,29.0,0,0,30.0,S,First,man,True,D,Southampton,no,True,
783,,3,male,,1,2,23.45,S,Third,man,True,,Southampton,no,False,-1.0
784,,3,male,25.0,0,0,7.05,S,Third,man,True,,Southampton,no,True,
785,,3,male,25.0,0,0,7.25,S,Third,man,True,,Southampton,no,True,
786,1.0,3,female,18.0,0,0,7.4958,S,Third,woman,False,,Southampton,yes,True,
787,,3,male,8.0,4,1,29.125,Q,Third,child,False,,Queenstown,no,False,
788,1.0,3,male,1.0,1,2,20.575,S,Third,child,False,,Southampton,yes,False,-1.0
789,,1,male,46.0,0,0,79.2,C,First,man,True,B,Cherbourg,no,True,
790,,3,male,,0,0,7.75,Q,Third,man,True,,Queenstown,no,True,
791,,2,male,16.0,0,0,26.0,S,Second,man,True,,Southampton,no,True,
792,,3,female,,8,2,69.55,S,Third,woman,False,,Southampton,no,False,
793,,1,male,,0,0,30.6958,C,First,man,True,,Cherbourg,no,True,
794,,3,male,25.0,0,0,7.8958,S,Third,man,True,,Southampton,no,True,
795,,2,male,39.0,0,0,13.0,S,Second,man,True,,Southampton,no,True,
796,1.0,1,female,49.0,0,0,25.9292,S,First,woman,False,D,Southampton,yes,True,
797,1.0,3,female,31.0,0,0,8.6833,S,Third,woman,False,,Southampton,yes,True,
798,,3,male,30.0,0,0,7.2292,C,Third,man,True,,Cherbourg,no,True,
799,,3,female,30.0,1,1,24.15,S,Third,woman,False,,Southampton,no,False,-1.0
800,,2,male,34.0,0,0,13.0,S,Second,man,True,,Southampton,no,True,
801,1.0,2,female,31.0,1,1,26.25,S,Second,woman,False,,Southampton,yes,False,-1.0
802,1.0,1,male,11.0,1,2,120.0,S,First,child,False,B,Southampton,yes,False,-1.0
803,1.0,3,male,0.42,0,1,8.5167,C,Third,child,False,,Cherbourg,yes,False,
804,1.0,3,male,27.0,0,0,6.975,S,Third,man,True,,Southampton,yes,True,
805,,3,male,31.0,0,0,7.775,S,Third,man,True,,Southampton,no,True,
806,,1,male,39.0,0,0,0.0,S,First,man,True,A,Southampton,no,True,
807,,3,female,18.0,0,0,7.775,S,Third,woman,False,,Southampton,no,True,
808,,2,male,39.0,0,0,13.0,S,Second,man,True,,Southampton,no,True,
809,1.0,1,female,33.0,1,0,53.1,S,First,woman,False,E,Southampton,yes,False,-1.0
810,,3,male,26.0,0,0,7.8875,S,Third,man,True,,Southampton,no,True,
811,,3,male,39.0,0,0,24.15,S,Third,man,True,,Southampton,no,True,
812,,2,male,35.0,0,0,10.5,S,Second,man,True,,Southampton,no,True,
813,,3,female,6.0,4,2,31.275,S,Third,child,False,,Southampton,no,False,
814,,3,male,30.5,0,0,8.05,S,Third,man,True,,Southampton,no,True,
815,,1,male,,0,0,0.0,S,First,man,True,B,Southampton,no,True,
816,,3,female,23.0,0,0,7.925,S,Third,woman,False,,Southampton,no,True,
817,,2,male,31.0,1,1,37.0042,C,Second,man,True,,Cherbourg,no,False,-1.0
818,,3,male,43.0,0,0,6.45,S,Third,man,True,,Southampton,no,True,
819,,3,male,10.0,3,2,27.9,S,Third,child,False,,Southampton,no,False,
820,1.0,1,female,52.0,1,1,93.5,S,First,woman,False,B,Southampton,yes,False,-1.0
821,1.0,3,male,27.0,0,0,8.6625,S,Third,man,True,,Southampton,yes,True,
822,,1,male,38.0,0,0,0.0,S,First,man,True,,Southampton,no,True,
823,1.0,3,female,27.0,0,1,12.475,S,Third,woman,False,E,Southampton,yes,False,
824,,3,male,2.0,4,1,39.6875,S,Third,child,False,,Southampton,no,False,
825,,3,male,,0,0,6.95,Q,Third,man,True,,Queenstown,no,True,
826,,3,male,,0,0,56.4958,S,Third,man,True,,Southampton,no,True,
827,1.0,2,male,1.0,0,2,37.0042,C,Second,child,False,,Cherbourg,yes,False,
828,1.0,3,male,,0,0,7.75,Q,Third,man,True,,Queenstown,yes,True,
829,1.0,1,female,62.0,0,0,80.0,,First,woman,False,B,,yes,True,
830,1.0,3,female,15.0,1,0,14.4542,C,Third,child,False,,Cherbourg,yes,False,-1.0
831,1.0,2,male,0.83,1,1,18.75,S,Second,child,False,,Southampton,yes,False,-1.0
832,,3,male,,0,0,7.2292,C,Third,man,True,,Cherbourg,no,True,
833,,3,male,23.0,0,0,7.8542,S,Third,man,True,,Southampton,no,True,
834,,3,male,18.0,0,0,8.3,S,Third,man,True,,Southampton,no,True,
835,1.0,1,female,39.0,1,1,83.1583,C,First,woman,False,E,Cherbourg,yes,False,-1.0
836,,3,male,21.0,0,0,8.6625,S,Third,man,True,,Southampton,no,True,
837,,3,male,,0,0,8.05,S,Third,man,True,,Southampton,no,True,
838,1.0,3,male,32.0,0,0,56.4958,S,Third,man,True,,Southampton,yes,True,
839,1.0,1,male,,0,0,29.7,C,First,man,True,C,Cherbourg,yes,True,
840,,3,male,20.0,0,0,7.925,S,Third,man,True,,Southampton,no,True,
841,,2,male,16.0,0,0,10.5,S,Second,man,True,,Southampton,no,True,
842,1.0,1,female,30.0,0,0,31.0,C,First,woman,False,,Cherbourg,yes,True,
843,,3,male,34.5,0,0,6.4375,C,Third,man,True,,Cherbourg,no,True,
844,,3,male,17.0,0,0,8.6625,S,Third,man,True,,Southampton,no,True,
845,,3,male,42.0,0,0,7.55,S,Third,man,True,,Southampton,no,True,
846,,3,male,,8,2,69.55,S,Third,man,True,,Southampton,no,False,
847,,3,male,35.0,0,0,7.8958,C,Third,man,True,,Cherbourg,no,True,
848,,2,male,28.0,0,1,33.0,S,Second,man,True,,Southampton,no,False,
849,1.0,1,female,,1,0,89.1042,C,First,woman,False,C,Cherbourg,yes,False,-1.0
850,,3,male,4.0,4,2,31.275,S,Third,child,False,,Southampton,no,False,
851,,3,male,74.0,0,0,7.775,S,Third,man,True,,Southampton,no,True,
852,,3,female,9.0,1,1,15.2458,C,Third,child,False,,Cherbourg,no,False,-1.0
853,1.0,1,female,16.0,0,1,39.4,S,First,woman,False,D,Southampton,yes,False,
854,,2,female,44.0,1,0,26.0,S,Second,woman,False,,Southampton,no,False,-1.0
855,1.0,3,female,18.0,0,1,9.35,S,Third,woman,False,,Southampton,yes,False,
856,1.0,1,female,45.0,1,1,164.8667,S,First,woman,False,,Southampton,yes,False,-1.0
857,1.0,1,male,51.0,0,0,26.55,S,First,man,True,E,Southampton,yes,True,
858,1.0,3,female,24.0,0,3,19.2583,C,Third,woman,False,,Cherbourg,yes,False,
859,,3,male,,0,0,7.2292,C,Third,man,True,,Cherbourg,no,True,
860,,3,male,41.0,2,0,14.1083,S,Third,man,True,,Southampton,no,False,
861,,2,male,21.0,1,0,11.5,S,Second,man,True,,Southampton,no,False,-1.0
862,1.0,1,female,48.0,0,0,25.9292,S,First,woman,False,D,Southampton,yes,True,
863,,3,female,,8,2,69.55,S,Third,woman,False,,Southampton,no,False,
864,,2,male,24.0,0,0,13.0,S,Second,man,True,,Southampton,no,True,
865,1.0,2,female,42.0,0,0,13.0,S,Second,woman,False,,Southampton,yes,True,
866,1.0,2,female,27.0,1,0,13.8583,C,Second,woman,False,,Cherbourg,yes,False,-1.0
867,,1,male,31.0,0,0,50.4958,S,First,man,True,A,Southampton,no,True,
868,,3,male,,0,0,9.5,S,Third,man,True,,Southampton,no,True,
869,1.0,3,male,4.0,1,1,11.1333,S,Third,child,False,,Southampton,yes,False,-1.0
870,,3,male,26.0,0,0,7.8958,S,Third,man,True,,Southampton,no,True,
871,1.0,1,female,47.0,1,1,52.5542,S,First,woman,False,D,Southampton,yes,False,-1.0
872,,1,male,33.0,0,0,5.0,S,First,man,True,B,Southampton,no,True,
873,,3,male,47.0,0,0,9.0,S,Third,man,True,,Southampton,no,True,
874,1.0,2,female,28.0,1,0,24.0,C,Second,woman,False,,Cherbourg,yes,False,-1.0
875,1.0,3,female,15.0,0,0,7.225,C,Third,child,False,,Cherbourg,yes,True,
876,,3,male,20.0,0,0,9.8458,S,Third,man,True,,Southampton,no,True,
877,,3,male,19.0,0,0,7.8958,S,Third,man,True,,Southampton,no,True,
878,,3,male,,0,0,7.8958,S,Third,man,True,,Southampton,no,True,
879,1.0,1,female,56.0,0,1,83.1583,C,First,woman,False,C,Cherbourg,yes,False,
880,1.0,2,female,25.0,0,1,26.0,S,Second,woman,False,,Southampton,yes,False,
881,,3,male,33.0,0,0,7.8958,S,Third,man,True,,Southampton,no,True,
882,,3,female,22.0,0,0,10.5167,S,Third,woman,False,,Southampton,no,True,
883,,2,male,28.0,0,0,10.5,S,Second,man,True,,Southampton,no,True,
884,,3,male,25.0,0,0,7.05,S,Third,man,True,,Southampton,no,True,
885,,3,female,39.0,0,5,29.125,Q,Third,woman,False,,Queenstown,no,False,
886,,2,male,27.0,0,0,13.0,S,Second,man,True,,Southampton,no,True,
887,1.0,1,female,19.0,0,0,30.0,S,First,woman,False,B,Southampton,yes,True,
888,,3,female,,1,2,23.45,S,Third,woman,False,,Southampton,no,False,-1.0
889,1.0,1,male,26.0,0,0,30.0,C,First,man,True,C,Cherbourg,yes,True,
890,,3,male,32.0,0,0,7.75,Q,Third,man,True,,Queenstown,no,True,
